/*
 Navicat Premium Data Transfer

 Source Server         : MySQL
 Source Server Type    : MySQL
 Source Server Version : 80019
 Source Host           : localhost:3306
 Source Schema         : tax

 Target Server Type    : MySQL
 Target Server Version : 80019
 File Encoding         : 65001

 Date: 30/01/2021 16:52:24
*/

SET NAMES utf8mb4;
SET FOREIGN_KEY_CHECKS = 0;

-- ----------------------------
-- Table structure for auth_group
-- ----------------------------
DROP TABLE IF EXISTS `auth_group`;
CREATE TABLE `auth_group`  (
  `id` int(0) NOT NULL AUTO_INCREMENT,
  `name` varchar(150) CHARACTER SET utf8mb4 COLLATE utf8mb4_0900_ai_ci NOT NULL,
  PRIMARY KEY (`id`) USING BTREE,
  UNIQUE INDEX `name`(`name`) USING BTREE
) ENGINE = InnoDB AUTO_INCREMENT = 1 CHARACTER SET = utf8mb4 COLLATE = utf8mb4_0900_ai_ci ROW_FORMAT = Dynamic;

-- ----------------------------
-- Records of auth_group
-- ----------------------------

-- ----------------------------
-- Table structure for auth_group_permissions
-- ----------------------------
DROP TABLE IF EXISTS `auth_group_permissions`;
CREATE TABLE `auth_group_permissions`  (
  `id` int(0) NOT NULL AUTO_INCREMENT,
  `group_id` int(0) NOT NULL,
  `permission_id` int(0) NOT NULL,
  PRIMARY KEY (`id`) USING BTREE,
  UNIQUE INDEX `auth_group_permissions_group_id_permission_id_0cd325b0_uniq`(`group_id`, `permission_id`) USING BTREE,
  INDEX `auth_group_permissio_permission_id_84c5c92e_fk_auth_perm`(`permission_id`) USING BTREE,
  CONSTRAINT `auth_group_permissio_permission_id_84c5c92e_fk_auth_perm` FOREIGN KEY (`permission_id`) REFERENCES `auth_permission` (`id`) ON DELETE RESTRICT ON UPDATE RESTRICT,
  CONSTRAINT `auth_group_permissions_group_id_b120cbf9_fk_auth_group_id` FOREIGN KEY (`group_id`) REFERENCES `auth_group` (`id`) ON DELETE RESTRICT ON UPDATE RESTRICT
) ENGINE = InnoDB AUTO_INCREMENT = 1 CHARACTER SET = utf8mb4 COLLATE = utf8mb4_0900_ai_ci ROW_FORMAT = Dynamic;

-- ----------------------------
-- Records of auth_group_permissions
-- ----------------------------

-- ----------------------------
-- Table structure for auth_permission
-- ----------------------------
DROP TABLE IF EXISTS `auth_permission`;
CREATE TABLE `auth_permission`  (
  `id` int(0) NOT NULL AUTO_INCREMENT,
  `name` varchar(255) CHARACTER SET utf8mb4 COLLATE utf8mb4_0900_ai_ci NOT NULL,
  `content_type_id` int(0) NOT NULL,
  `codename` varchar(100) CHARACTER SET utf8mb4 COLLATE utf8mb4_0900_ai_ci NOT NULL,
  PRIMARY KEY (`id`) USING BTREE,
  UNIQUE INDEX `auth_permission_content_type_id_codename_01ab375a_uniq`(`content_type_id`, `codename`) USING BTREE,
  CONSTRAINT `auth_permission_content_type_id_2f476e4b_fk_django_co` FOREIGN KEY (`content_type_id`) REFERENCES `django_content_type` (`id`) ON DELETE RESTRICT ON UPDATE RESTRICT
) ENGINE = InnoDB AUTO_INCREMENT = 1 CHARACTER SET = utf8mb4 COLLATE = utf8mb4_0900_ai_ci ROW_FORMAT = Dynamic;

-- ----------------------------
-- Records of auth_permission
-- ----------------------------
INSERT INTO `auth_permission` VALUES (1, 'Can add log entry', 1, 'add_logentry');
INSERT INTO `auth_permission` VALUES (2, 'Can change log entry', 1, 'change_logentry');
INSERT INTO `auth_permission` VALUES (3, 'Can delete log entry', 1, 'delete_logentry');
INSERT INTO `auth_permission` VALUES (4, 'Can view log entry', 1, 'view_logentry');
INSERT INTO `auth_permission` VALUES (5, 'Can add permission', 2, 'add_permission');
INSERT INTO `auth_permission` VALUES (6, 'Can change permission', 2, 'change_permission');
INSERT INTO `auth_permission` VALUES (7, 'Can delete permission', 2, 'delete_permission');
INSERT INTO `auth_permission` VALUES (8, 'Can view permission', 2, 'view_permission');
INSERT INTO `auth_permission` VALUES (9, 'Can add group', 3, 'add_group');
INSERT INTO `auth_permission` VALUES (10, 'Can change group', 3, 'change_group');
INSERT INTO `auth_permission` VALUES (11, 'Can delete group', 3, 'delete_group');
INSERT INTO `auth_permission` VALUES (12, 'Can view group', 3, 'view_group');
INSERT INTO `auth_permission` VALUES (13, 'Can add content type', 4, 'add_contenttype');
INSERT INTO `auth_permission` VALUES (14, 'Can change content type', 4, 'change_contenttype');
INSERT INTO `auth_permission` VALUES (15, 'Can delete content type', 4, 'delete_contenttype');
INSERT INTO `auth_permission` VALUES (16, 'Can view content type', 4, 'view_contenttype');
INSERT INTO `auth_permission` VALUES (17, 'Can add session', 5, 'add_session');
INSERT INTO `auth_permission` VALUES (18, 'Can change session', 5, 'change_session');
INSERT INTO `auth_permission` VALUES (19, 'Can delete session', 5, 'delete_session');
INSERT INTO `auth_permission` VALUES (20, 'Can view session', 5, 'view_session');
INSERT INTO `auth_permission` VALUES (21, 'Can add user', 6, 'add_user');
INSERT INTO `auth_permission` VALUES (22, 'Can change user', 6, 'change_user');
INSERT INTO `auth_permission` VALUES (23, 'Can delete user', 6, 'delete_user');
INSERT INTO `auth_permission` VALUES (24, 'Can view user', 6, 'view_user');

-- ----------------------------
-- Table structure for django_admin_log
-- ----------------------------
DROP TABLE IF EXISTS `django_admin_log`;
CREATE TABLE `django_admin_log`  (
  `id` int(0) NOT NULL AUTO_INCREMENT,
  `action_time` datetime(6) NOT NULL,
  `object_id` longtext CHARACTER SET utf8mb4 COLLATE utf8mb4_0900_ai_ci NULL,
  `object_repr` varchar(200) CHARACTER SET utf8mb4 COLLATE utf8mb4_0900_ai_ci NOT NULL,
  `action_flag` smallint(0) UNSIGNED NOT NULL,
  `change_message` longtext CHARACTER SET utf8mb4 COLLATE utf8mb4_0900_ai_ci NOT NULL,
  `content_type_id` int(0) NULL DEFAULT NULL,
  `user_id` int(0) NOT NULL,
  PRIMARY KEY (`id`) USING BTREE,
  INDEX `django_admin_log_content_type_id_c4bce8eb_fk_django_co`(`content_type_id`) USING BTREE,
  INDEX `django_admin_log_user_id_c564eba6_fk_tax_user_id`(`user_id`) USING BTREE,
  CONSTRAINT `django_admin_log_content_type_id_c4bce8eb_fk_django_co` FOREIGN KEY (`content_type_id`) REFERENCES `django_content_type` (`id`) ON DELETE RESTRICT ON UPDATE RESTRICT,
  CONSTRAINT `django_admin_log_user_id_c564eba6_fk_tax_user_id` FOREIGN KEY (`user_id`) REFERENCES `tax_user` (`id`) ON DELETE RESTRICT ON UPDATE RESTRICT
) ENGINE = InnoDB AUTO_INCREMENT = 1 CHARACTER SET = utf8mb4 COLLATE = utf8mb4_0900_ai_ci ROW_FORMAT = Dynamic;

-- ----------------------------
-- Records of django_admin_log
-- ----------------------------

-- ----------------------------
-- Table structure for django_content_type
-- ----------------------------
DROP TABLE IF EXISTS `django_content_type`;
CREATE TABLE `django_content_type`  (
  `id` int(0) NOT NULL AUTO_INCREMENT,
  `app_label` varchar(100) CHARACTER SET utf8mb4 COLLATE utf8mb4_0900_ai_ci NOT NULL,
  `model` varchar(100) CHARACTER SET utf8mb4 COLLATE utf8mb4_0900_ai_ci NOT NULL,
  PRIMARY KEY (`id`) USING BTREE,
  UNIQUE INDEX `django_content_type_app_label_model_76bd3d3b_uniq`(`app_label`, `model`) USING BTREE
) ENGINE = InnoDB AUTO_INCREMENT = 1 CHARACTER SET = utf8mb4 COLLATE = utf8mb4_0900_ai_ci ROW_FORMAT = Dynamic;

-- ----------------------------
-- Records of django_content_type
-- ----------------------------
INSERT INTO `django_content_type` VALUES (1, 'admin', 'logentry');
INSERT INTO `django_content_type` VALUES (3, 'auth', 'group');
INSERT INTO `django_content_type` VALUES (2, 'auth', 'permission');
INSERT INTO `django_content_type` VALUES (4, 'contenttypes', 'contenttype');
INSERT INTO `django_content_type` VALUES (5, 'sessions', 'session');
INSERT INTO `django_content_type` VALUES (6, 'users', 'user');

-- ----------------------------
-- Table structure for django_migrations
-- ----------------------------
DROP TABLE IF EXISTS `django_migrations`;
CREATE TABLE `django_migrations`  (
  `id` int(0) NOT NULL AUTO_INCREMENT,
  `app` varchar(255) CHARACTER SET utf8mb4 COLLATE utf8mb4_0900_ai_ci NOT NULL,
  `name` varchar(255) CHARACTER SET utf8mb4 COLLATE utf8mb4_0900_ai_ci NOT NULL,
  `applied` datetime(6) NOT NULL,
  PRIMARY KEY (`id`) USING BTREE
) ENGINE = InnoDB AUTO_INCREMENT = 14 CHARACTER SET = utf8mb4 COLLATE = utf8mb4_0900_ai_ci ROW_FORMAT = Dynamic;

-- ----------------------------
-- Records of django_migrations
-- ----------------------------
INSERT INTO `django_migrations` VALUES (1, 'contenttypes', '0001_initial', '2021-01-29 13:34:40.477411');
INSERT INTO `django_migrations` VALUES (2, 'contenttypes', '0002_remove_content_type_name', '2021-01-29 13:34:42.837047');
INSERT INTO `django_migrations` VALUES (3, 'auth', '0001_initial', '2021-01-29 13:34:45.087048');
INSERT INTO `django_migrations` VALUES (4, 'auth', '0002_alter_permission_name_max_length', '2021-01-29 13:34:53.046883');
INSERT INTO `django_migrations` VALUES (5, 'auth', '0003_alter_user_email_max_length', '2021-01-29 13:34:53.125672');
INSERT INTO `django_migrations` VALUES (6, 'auth', '0004_alter_user_username_opts', '2021-01-29 13:34:53.177859');
INSERT INTO `django_migrations` VALUES (7, 'auth', '0005_alter_user_last_login_null', '2021-01-29 13:34:53.251696');
INSERT INTO `django_migrations` VALUES (8, 'auth', '0006_require_contenttypes_0002', '2021-01-29 13:34:53.328457');
INSERT INTO `django_migrations` VALUES (9, 'auth', '0007_alter_validators_add_error_messages', '2021-01-29 13:34:53.375331');
INSERT INTO `django_migrations` VALUES (10, 'auth', '0008_alter_user_username_max_length', '2021-01-29 13:34:53.444190');
INSERT INTO `django_migrations` VALUES (11, 'auth', '0009_alter_user_last_name_max_length', '2021-01-29 13:34:53.529960');
INSERT INTO `django_migrations` VALUES (12, 'auth', '0010_alter_group_name_max_length', '2021-01-29 13:34:54.103123');
INSERT INTO `django_migrations` VALUES (13, 'auth', '0011_update_proxy_permissions', '2021-01-29 13:34:54.192233');
INSERT INTO `django_migrations` VALUES (14, 'users', '0001_initial', '2021-01-29 13:34:57.863161');
INSERT INTO `django_migrations` VALUES (15, 'admin', '0001_initial', '2021-01-29 13:35:10.097171');
INSERT INTO `django_migrations` VALUES (16, 'admin', '0002_logentry_remove_auto_add', '2021-01-29 13:35:13.149820');
INSERT INTO `django_migrations` VALUES (17, 'admin', '0003_logentry_add_action_flag_choices', '2021-01-29 13:35:13.303075');
INSERT INTO `django_migrations` VALUES (18, 'sessions', '0001_initial', '2021-01-29 13:35:13.970412');

-- ----------------------------
-- Table structure for django_session
-- ----------------------------
DROP TABLE IF EXISTS `django_session`;
CREATE TABLE `django_session`  (
  `session_key` varchar(40) CHARACTER SET utf8mb4 COLLATE utf8mb4_0900_ai_ci NOT NULL,
  `session_data` longtext CHARACTER SET utf8mb4 COLLATE utf8mb4_0900_ai_ci NOT NULL,
  `expire_date` datetime(6) NOT NULL,
  PRIMARY KEY (`session_key`) USING BTREE,
  INDEX `django_session_expire_date_a5c62663`(`expire_date`) USING BTREE
) ENGINE = InnoDB CHARACTER SET = utf8mb4 COLLATE = utf8mb4_0900_ai_ci ROW_FORMAT = Dynamic;

-- ----------------------------
-- Records of django_session
-- ----------------------------

-- ----------------------------
-- Table structure for tax_user
-- ----------------------------
DROP TABLE IF EXISTS `tax_user`;
CREATE TABLE `tax_user`  (
  `id` int(0) NOT NULL AUTO_INCREMENT,
  `password` varchar(128) CHARACTER SET utf8mb4 COLLATE utf8mb4_0900_ai_ci NOT NULL,
  `last_login` datetime(6) NULL DEFAULT NULL,
  `is_superuser` tinyint(1) NOT NULL,
  `username` varchar(150) CHARACTER SET utf8mb4 COLLATE utf8mb4_0900_ai_ci NOT NULL,
  `first_name` varchar(30) CHARACTER SET utf8mb4 COLLATE utf8mb4_0900_ai_ci NOT NULL,
  `last_name` varchar(150) CHARACTER SET utf8mb4 COLLATE utf8mb4_0900_ai_ci NOT NULL,
  `email` varchar(254) CHARACTER SET utf8mb4 COLLATE utf8mb4_0900_ai_ci NOT NULL,
  `is_staff` tinyint(1) NOT NULL,
  `is_active` tinyint(1) NOT NULL,
  `date_joined` datetime(6) NOT NULL,
  `mobile` varchar(11) CHARACTER SET utf8mb4 COLLATE utf8mb4_0900_ai_ci NOT NULL,
  PRIMARY KEY (`id`) USING BTREE,
  UNIQUE INDEX `username`(`username`) USING BTREE,
  UNIQUE INDEX `mobile`(`mobile`) USING BTREE
) ENGINE = InnoDB CHARACTER SET = utf8mb4 COLLATE = utf8mb4_0900_ai_ci ROW_FORMAT = Dynamic;

-- ----------------------------
-- Records of tax_user
-- ----------------------------
INSERT INTO `tax_user` VALUES (1, 'pbkdf2_sha256$150000$5bso8MbTRD3y$ZWDvql5FDULNNzOEfv82WOnrnZFkP3hrJTIupMzWbkI=', NULL, 1, 'buchiyu', '', '', 'buchiyu@qq.com', 1, 1, '2021-01-29 14:07:32.076120', '');

-- ----------------------------
-- Table structure for tax_user_groups
-- ----------------------------
DROP TABLE IF EXISTS `tax_user_groups`;
CREATE TABLE `tax_user_groups`  (
  `id` int(0) NOT NULL AUTO_INCREMENT,
  `user_id` int(0) NOT NULL,
  `group_id` int(0) NOT NULL,
  PRIMARY KEY (`id`) USING BTREE,
  UNIQUE INDEX `tax_user_groups_user_id_group_id_c8e339e0_uniq`(`user_id`, `group_id`) USING BTREE,
  INDEX `tax_user_groups_group_id_2f1792ad_fk_auth_group_id`(`group_id`) USING BTREE,
  CONSTRAINT `tax_user_groups_group_id_2f1792ad_fk_auth_group_id` FOREIGN KEY (`group_id`) REFERENCES `auth_group` (`id`) ON DELETE RESTRICT ON UPDATE RESTRICT,
  CONSTRAINT `tax_user_groups_user_id_b06b7114_fk_tax_user_id` FOREIGN KEY (`user_id`) REFERENCES `tax_user` (`id`) ON DELETE RESTRICT ON UPDATE RESTRICT
) ENGINE = InnoDB AUTO_INCREMENT = 1 CHARACTER SET = utf8mb4 COLLATE = utf8mb4_0900_ai_ci ROW_FORMAT = Dynamic;

-- ----------------------------
-- Records of tax_user_groups
-- ----------------------------

-- ----------------------------
-- Table structure for tax_user_user_permissions
-- ----------------------------
DROP TABLE IF EXISTS `tax_user_user_permissions`;
CREATE TABLE `tax_user_user_permissions`  (
  `id` int(0) NOT NULL AUTO_INCREMENT,
  `user_id` int(0) NOT NULL,
  `permission_id` int(0) NOT NULL,
  PRIMARY KEY (`id`) USING BTREE,
  UNIQUE INDEX `tax_user_user_permissions_user_id_permission_id_b7163c25_uniq`(`user_id`, `permission_id`) USING BTREE,
  INDEX `tax_user_user_permis_permission_id_e5374344_fk_auth_perm`(`permission_id`) USING BTREE,
  CONSTRAINT `tax_user_user_permis_permission_id_e5374344_fk_auth_perm` FOREIGN KEY (`permission_id`) REFERENCES `auth_permission` (`id`) ON DELETE RESTRICT ON UPDATE RESTRICT,
  CONSTRAINT `tax_user_user_permissions_user_id_fb771138_fk_tax_user_id` FOREIGN KEY (`user_id`) REFERENCES `tax_user` (`id`) ON DELETE RESTRICT ON UPDATE RESTRICT
) ENGINE = InnoDB CHARACTER SET = utf8mb4 COLLATE = utf8mb4_0900_ai_ci ROW_FORMAT = Dynamic;

-- ----------------------------
-- Records of tax_user_user_permissions
-- ----------------------------

SET FOREIGN_KEY_CHECKS = 1;
